threshold,total_outliers,mean_pct,max_pct
1.2,60505,12.497696191529561,17.330677290836654
1.5,9172,1.8938423704041494,3.4915891987605137
2.0,1178,0.24332192983056433,0.6363435148295706
